Name,Rating,Location
Rosa Negra,4.2,"Via Laietana, 46"
Luzia,4.0,"Carrer del Pintor Fortuny, 1"
Bilbao Berria,3.9,"Plaça Nova, 3"
Arcano,4.5,"Carrer dels Mercaders, 10"
Arume,4.6,"Carrer d'En Botella, 11"
Casa Lolea,4.6,"Carrer de Sant Pere Mes Alt, 49"
Cera 23,4.6,"Carrer de la Cera, 23"
Cañete,4.6,"Carrer de la Unió, 17"
La Plassohla,4.0,Hotel Ohla
El Pintxo de Petritxol,4.2,"Carrer de Petritxol, 9"
Irati Taverna Basca,4.2,"Carrer del Cardenal Casañas, 17"
RAÓ RESTAURANT,4.6,"Carrer de les Sitges, 3"
Elsa y Fred,4.5,"Carrer del Rec Comtal, 11"
Bun Bo,3.5,"Carrer dels Sagristans, 3"
Teresa Carles,4.5,"Carrer de Jovellanos, 2"
Tapeo,4.6,"Carrer de Montcada, 29"
Pinotxo Bar,4.4,"La Rambla, 91"
Churrería Laietana,4.8,"Via Laietana, 46"
Els 4 Gats,3.4,"Carrer Montsió, 3"
La Central,4.2,"Via Laietana, 45"
El Quim de la Boqueria,4.5,"La Rambla, 91"
Viana,4.7,"Carrer del Vidre, 7"
Suculent,4.5,"Rambla del Raval, 45"
El Xampanyet,4.6,"Carrer de Montcada, 22"
Hard Rock Cafe,3.5,"Plaça de Catalunya, 21"
Sensi,4.4,"Carrer Ample, 26"
Onofre,4.6,"Carrer de les Magdalenes, 19"
El Cercle,3.7,"Carrer dels Arcs, 5"
Koy Shunka,4.6,"Carrer d'en Copons, 7"
Xaloc,4.2,"Carrer de la Palla, 13"
Viena,4.3,"La Rambla del Estudis, 115"
Alsur Café - Palau,4.1,"Carrer Sant Pere Més Alt, 4"
Lasarte,4.6,"Carrer de Mallorca, 259"
Tabarlot,4.4,"Carrer de San Pau, 4"
Tucco Real Food Born,4.7,"Carrer del Consolat de Mar, 23"
El Nacional,3.8,"Passeig de Gracia, 24"
Bar del Pla,4.3,"Carrer de Montcada, 2"
Llamber,4.3,"Carrer Fusina, 5"
Sensi Bistro,4.6,"Carrer del Regomir, 4"
Lluís de les Moles,5.0,"Carrer de les Moles, 25"
Casa Guinart,3.9,"La Rambla, 95"
Bodega La Puntual,4.4,"Carrer de Montcada, 22"
El Bitxo,4.5,Carrer de Verdaguer i Callís 9
Cuines Santa Caterina,3.8,"Avinguda de Francesc Cambó, 16"
Caelis,4.5,Via Laietana 49
Mil Grito's,4.2,"Carrer Comtal, 3"
La Lluna,4.2,"Carrer de Santa Anna, 20"
Le Cucine Mandarosso,4.3,"Carrer de Verdaguer i Callís, 4"
Luigi Ristorante,3.7,"Via Laietana, 41"
Craft Barcelona,4.3,"Carrer del Paradis, 4"
Beer'linale,4.3,"Carrer del Carme, 7"
Julivert Meu,4.2,"Carrer Bonsuccés, 7"
Caravelle,4.6,"Carrer del Pintor Fortuny, 31"
Citizen Café,4.4,"Plaça d'Urquinaona, 4"
Creps Barcelona,4.2,"Via Laietana, 45"
Centonze,3.7,"Les Rambles, 111"
My Fucking Restaurant,4.4,"Carrer Nou de la Rambla, 35"
Catedral de Barcelona,4.4,"Placita de la Seu, s/n"
Dux,4.9,"Carrer dels Vigatans, 13"
Guell,4.5,"Calle Nou de la Rambla, 20"
Zenzoo,4.6,"Carrer de Bonsucces, 6"
Chök - The Chocolate Kitchen,4.5,"Carrer del Carme, 3"
Micu Maku,4.8,"Carrer d'Aribau, 22"
Santa Anna,3.6,"Carrer de Santa Anna, 8"
Bo de Boqueria,4.6,"Carrer Petxina, 5-7"
Brugarol Barcelona,4.9,"Carrer de Salomó Ben Adret, 10"
Kælderkold,4.6,"Carrer de Cardenal Casañas, 7"
Can Paixano,4.6,"Carrer de la Reina Cristina, 7"
Gaudim,4.4,"Carrer d'Aragó, 231"
Ciutat Comtal,4.2,"Rambla de Catalunya, 18"
Granja Viader,3.9,"Carrer d'En Xuclà, 4-6"
Shunka,4.1,"Carrer de Sagristans, 5"
City Bar & Restaurant,4.9,"Via Laietana, 30"
Cal Pep,4.1,"Plaça de les Olles, 8"
Nap,4.3,"Avinguda Francesc Cambó, 30"
Tlaxcal,4.5,"Carrer del Comerç, 27"
Taller de Tapas,3.7,"Carrer Comtal, 28"
La Paradeta,4.4,"Carrer Comercial, 7"
A Restaurant,4.5,"Placa de Sant Felip Neri, 2"
Obe Restaurant,4.6,"Plaça Santa Caterina, 1"
La Plata,4.6,"Carrer de la Mercè, 28"
O'Toxo 3 Hermanos,4.3,"Carrer del Carme, 59"
Momo,4.3,"Carrer Arc de Sant Ramon del Call, 6"
Zona d'Ombra Enoiteca,4.0,"Calle Sant Domenec del Call, 12"
Koku Kitchen Ramen,4.3,"Carrer d'en Carabassa, 19"
Etapes,4.7,"Carrer de Enrique Granados, 10"
Eldiset,4.8,"Carrer Antic de Saint Joan, 3"
Txirimiri,4.2,"Carrer de la Princesa, 11"
Milk Bar & Bistro,4.5,"Carrer d'en Gignàs, 21"
Montiel,4.7,"Carrer de Flassaders, 19"
Casa Lola,4.1,"Via Laietana, 42"
Bacoa,4.3,"Carrer de Colomines, 2"
Flax & Kale,4.2,"Carrer dels Tallers, 74"
Alsur Café,4.2,"Carrer de Roger de Llúria, 23"
La Vinateria del Call,4.2,"Carrer Salomó Ben Adret, 9"
Ziryab Fusion Tapas Bar,4.9,"Carrer de Grunyí, 5"
Paradiso,4.5,"Carrer de Rera Palau, 4"
Estruch,3.6,"Avinguda de la Catedral, 3"
La Esquina,4.4,"Carrer de Bergara, 2"
La Cuina de Laietana,4.2,"Via Laietana, 71"
Bodega La Palma,4.5,"Carrer de la Palma de Sant Just, 7"
Taverna del Bisbe,3.1,"Avinguda de la Catedral, 6"
Firebug,4.5,"Passeig de Sant Joan, 23"
Pans & Company,3.3,
Casa Alfonso,4.1,"Carrer de Roger de Llúria, 6"
El Asador de Aranda,4.7,"Calle Pau Claris, 70"
PORK boig per tu,4.5,"Carrer del Consolat de Mar, 15"
Set de Gòtic,3.8,"Carrer de Montsió, 5"
Brunch & Cake,4.2,"Carrer d'Enric Granados, 19"
Bubita Sangria Bar,4.6,Calle Flassaders 15
2254,4.5,"Consell de Cent, 335"
Petit Pot Cafe - Bistro,4.4,"Plaça Urquinaona, 4"
Cecconi's,4.6,"Passeig de Colom, 20"
Bormuth,4.2,"Carrer del Rec, 31"
Oggi,4.9,"Carrer Comtal, 15"
Buenas Migas,4.3,"Plaça del Bonsuccés, 6"
La luna,4.3,"Carrer Abaixadors, 10"
Ramblero,3.5,Mercat de La Boqueria
Dulcinea,4.0,"Carrer de Petritxol, 2"
The Pan's Club,4.9,"Plaça de la Llana, 16"
Bar Boqueria,4.0,"La Rambla, 91"
Sagardi Argenteria,4.0,"Carrer de l'Argenteria, 62"
Tosca,4.3,"Carrer de Sant Pere Més Alt, 8"
Ohla Terraza Chill-Out,4.4,Hotel Ohla
Melic del Gòtic,3.9,"Carrer de Montsió, 7"
Chilli,4.5,Carrer Pau claris 77
Bar Central,4.0,"La Rambla, 91"
Tapas 24,3.8,"Carrer de la Diputació, 269"
9 Reinas,4.4,"Carrer de València, 267"
Veggie Garden,4.3,"Carrer del's Angels, 3"
Informal,4.7,"Carrer de la Plata, 4"
Moka,3.1,"Las Rambla, 126"
My Way Lounge Restaurante,4.5,"Carrer de les Heures, 4-10"
Conesa Entrepans,4.4,"Carrer de la Llibreteria,1"
Čaj Chai,4.6,"Carrer de Salomó Ben Adret, 12"
Enkel,4.7,"Baixada de Sant Miquel, 6"
Tantarantana,4.2,"Carrer Tantarantana, 24"
Moritz,3.9,"Ronda de Sant Antoni, 39"
Satan's Coffee Corner,4.1,"Carrer de l'Arc de Sant Ramon del Call, 11"
Boadas,4.3,"Carrer dels Tallers, 1"
La Pallaresa,4.1,"Carrer de Petritxol, 11"
Los Pergaminos,4.5,"Carrer Ample, 19"
Tokyo,3.9,"Carrer Comtal, 20"
Ziryab Shisha Hookah Lounge,4.9,"Carrer de Grunyí, 4"
Gelaaati Di Marco,4.5,"Carrer de la Llibreteria, 7"
Stoke Bar,4.1,"Carrer dels Banys Nous, 8"
Black Lab,4.0,"Plaça Pau Vila, 1"
Petra,4.3,"Carrer dels Sombrerers, 13"
Can Culleretes,3.9,"Carrer d'en Quintana, 5"
Mannà Gelats,4.8,"Carrer dels Banys Nous, 22"
Nømad Cøffee,4.5,"Passatge de Sert, 12"
Petritxol Xocoa,4.0,"Carrer de Petritxol, 11"
Amorino Barcelona Les Rambles,4.3,"Les Rambles, 125"
L'Antic Bocoi Del Gòtic,4.6,"Baixada de Viladecols, 3"
Maoz Falafel,4.7,"Calle de Ferran, 13"
A Tu Bola,4.5,Carrer Hospital 78
Sensi Mezzanine,4.4,"Carrer Ample, 24"
Pla,4.3,"Carrer de Bellafila, 5"
La Dolça Hermínia,3.6,"Carrer Magdalenes, 27"
El Bar de l'Antic Teatre,4.2,"Carrer de Verdaguer i Callís, 12"
Bar Lobo,3.8,"Carrer de Pintor Fortuny, 3"
Cèntric,4.1,"Carrer de les Ramelleres, 27"
Marmalade,4.1,"Carrer de la Riera Alta, 4-6"
Bosco,3.8,"Carrer dels Capellans, 9"
Agust,4.6,"Carrer del Parlament, 54"
Gats,3.8,"Carrer d'en Xuclà, 7"
Ménage à Trois,3.6,"Carrer d'en Bot, 4"
Gilda By Belgious,4.5,"Carrer Ample, 34-38"
La Alcoba Azul,4.6,"Carrer de Sant Domenec del Call, 14"
La Fabrica,4.4,"Plaza de la Llana, 15"
Passadís del Pep,4.5,"Pla de Palau, 2"
Bar Brutal,4.1,"Carrer Barra de Ferro, 1"
Pura Vida Cocktails,4.5,"Carrer dels Mercaders, 20"
Caelum,3.9,"Carrer de la Palla, 8"
Pasta Madre,3.8,"Carrer dels Tallers, 3"
Bar del Pi,3.9,"Plaça de Sant Josep Oriol, 1"
Mosquito,3.9,"Carrer dels Carders, 46"
Estimar,4.8,"Carrer de Sant Antoni dels Sombrerers, 3"
Lonja de Tapas,4.0,"Pla de Palau, 7"
Living Barcelona 1925,3.6,"Ramblas, 122"
Barri Gòtic,4.5,
Picnic,4.2,"Carrer del Comerç, 1"
Barcelona,4.6,
Miño,4.2,"Calle del Carme, 19"
Rasoterra,4.4,"Carrer del Palau, 5"
Bastaix,4.6,"Plaça del Fossar de les Moreres, 5"
Flaherty's,4.2,"Plaça de Joaquim Xirau, s/n"
Bembi,4.4,"Carrer del Consell de Cent, 377"
Bernie's,3.9,"Via Laietana, 20"
Planelles Donat,4.4,"Avinguda del Portal de l'Àngel, 27"
La Paradeta,4.4,"Carrer del Consell de Cent, 318"
En Ville,4.3,"Carrer del Doctor Dou, 14"
Las Fernández,4.8,"Carrer de les Carretes, 11"
Salterio,4.7,"Carrer de Sant Domènec del Call, 4"
The Benedict,4.1,"Carrer d'en Gignàs, 23"
VeganCatBar,4.3,Carrer de la merce 29
Vinitus,4.6,"Carrer Del Consell de Cent, 333"
Pans & Company,4.6,"Rambla de Canaletes, 123"
Prado de Flores,4.2,"Carrer de Santa Anna, 11"
Bodega Cala del Vermut,3.7,"Carrer de les Magdalenes, 6"
Gelataria Giovanni,4.3,"Carrer de la Cucurulla, 2"
Palau Dalmases,4.5,"Calle Montcada, 20"
Espai Quera Llibres i platillos,5.0,"Carrer de Petritxol, 2"
Bacoa,4.1,"Ronda de la Universitat, 31"
Trópico,4.4,"Carrer del Marquès de Barberà, 24"
Creps al Born,4.6,"Passeig del Born, 12"
Morelia,4.4,"Plaça Comercial, 7"
Cachitos,3.9,"Rambla Catalunya, 33"
Surya Pau Claris,3.9,"Carrer de Pau Claris, 92"
Nuria,3.1,"La Rambla, 133"
Mont Bar,4.2,"Carrer Diputació, 220"
Farggi,3.9,"Passeig de Grácia,  2"
L'Ovella Negra,4.0,"Carrer de les Sitges, 5"
Black Remedy,4.4,"Carrer de la Ciutat, 5"
Meneghina,4.6,"Carrer dels Tiradors, 2"
Nineteen,4.0,"Plaça de Catalunya, 19"
Quiosc Modern,4.5,"Mercado de la Boqueria, 364"
Casa Batlló,4.4,"Passeig de Gràcia, 43"
Rosa del Raval,4.0,"Carrer dels Àngels, 6"
Can Sola,5.0,Calle de Sepúlveda
Dalston Coffee,5.0,"Carrer de les Ramelleres, 16"
Golfo de Bizkaia Pi,4.9,"Carrer del Pi, 5"
Cometa,4.6,"Carrer Parlament, 20"
El Casal,4.5,"Plaça Victor Balaguer, 5"
Restaurante Italiano Rossini,3.9,"Pl. Reial, 13"
Two Schmucks,4.8,"Carrer de Joaquin Costa, 52"
La Pineda,4.7,"Carrer del Pi, 16"
7 Portes,3.4,"Passeig d'Isabel II, 14"
Federal,4.4,"Passatge de la Pau, 11"
Ocaña,3.6,"Plaça Reial, 13-15"
Escribà,3.9,"Carrer de les Floristes de la Rambla, 83"
Euskal Etxea Taberna,3.9,"Placeta de Montcada, 1"
Wok to Walk,4.0,"Les Rambles, 95"
Patagonia,3.2,"Rambla de Sant Josep, 116"
König Barcelona Centre,3.7,"Rambla de Catalunya, 5"
Pirineu en Boca,4.5,"Carrer de Girona, 17"
Casa Mari y Rufo,4.5,"Carrer de Freixures, 11"
bubó Bar,4.1,"Carrer de les Caputxes, 6"
Pastelería Hofmann,4.7,"Carrer dels Flassaders, 44"
Palosanto,4.3,"Carrer d'Avinyó, 30"
H3,3.8,Grupo El Reloj
La Pizza del Born,4.2,"Passeig del Born, 22"
El Drac de Sant Jordi,3.7,"Placa Sant Josep Oriol, 3"
Gourmet Tapas,4.2,"Carrer de Milans, 4"
CocoVail Beer Hall Barcelona,4.4,"Carrer d'Arago, 284"
La Tagliatella,4.1,"Carrer de Pau Claris, 118"
El Atril,4.2,"Carrer dels Carders, 23"
Molika,4.6,"Carrer de Casp, 57"
Grasshopper,3.9,"Plaça de la Llana, 9"
Allium,4.2,"Carrer Call, 17"
Les Quinze Nits,3.3,"Plaça Reial, 6"
Dos Pebrots,4.7,"Carrer del Dr. Dou, 19"
Biocenter,4.1,"Carrer del Pintor Fortuny, 25"
Federal Café,4.1,"Carrer del Parlament, 39"
Can Cisa,4.1,"Carrer de la Princesa, 14"
Bacoa,4.2,"Avinguda del Marquès de l'Argentera, 1"
Gelatiamo,4.5,"Carrer de la Canuda, 17-21"
La Tagliatella,4.3,"Ronda de la Universitat, 31"
Faborit,4.3,"Passeig de Gràcia, 41"
Vegetalia,3.9,"Carrer dels Escudellers, 54"
Alsur Café & Backdoor Bar,4.7,"Carrer de la Ribera, 18"
Chök,4.3,"Carrer de les Ramelleres, 26-28"
Santagustina,4.4,"Carrer de les Basses de Sant Pere, 9"
Woki Organic Market,3.9,"Ronda de la Universitat, 20"
Pudding,3.9,"Carrer de Pau Claris, 90"
El Jardín del Edén,3.9,"Carrer de Jovellanos, 3"
Mayura,4.2,"Carrer de Girona, 57"
Taquerías Tamarindo,4.4,"Carrer de Aragón, 236"
Luigi,4.1,"Carrer de Roger de Llúria, 50"
Alsur Café,4.1,"Plaça de Sant Cugat, 1"
Neyras,3.5,"Via Laietana, 41"
Los Caracoles,3.6,"Carrer dels Escudellers, 14"
La Poma,2.6,"La Rambla, 117"
Sucursal Aceitera,4.9,"Carrer del Comte Borrell, 36"
La Colmena,4.4,"Plaça de l'Àngel, 12"
Reem al Bawadi,4.1,"Via Laietana, 59"
Museu Picasso,4.1,"Carrer de Montcada, 15-23"
ORIO BCN Gòtic,3.7,"Carrer de Ferran, 38"
Sagarra,3.8,"Carrer d'en Xuclà, 9"
Vistro 49,4.9,"Via Laietana, 49"
The Bagel Hood,4.6,"Carrer de Ferlandina, 61"
Tosca Del Carme,4.4,"Carrer del Carme, 40"
Chulapio Cocktails & Crepes ,4.9,"Carrer Botella, 2"
Tandoori Nights,4.6,"Carrer de les Carretes, 44"
El Macareno,4.7,"Carrer de les Sitges, 10"
Carlota Akaneya,4.8,"Carrer del Pintor Fortuny, 32"
El Viejo Pop,3.4,"Via Laietana, 57"
Bobby's Free,4.6,"Carrer de Pau Claris, 85"
Cafè de l'Ópera,3.5,"La Rambla, 74"
Gran Viana,4.7,"Carrer dels Escudellers, 24"
Paella Bar,4.4,"Pòrtics de la Boqueria, s/n"
Lonja de Tapas,3.7,"Carrer de Jaume I, 8-10"
Solomillo,4.5,"Carrer de Mallorca, 251"
Patagonia Beef & Wine,4.2,"Gran Vía de les Corts Catalanes, 660"
Macchina,4.4,"Carrer de Balmes, 12"
El Cafè d'en Víctor,2.9,"Carrer de la Tapineria, 12"
Ølgod,4.7,"Carrer de l'Hospital, 74"
Levante,4.7,"Placeta de Manuel Ribé, 1"
Elisabets,4.0,"Carrer d'Elisabets, 2"
Museu d'Història de Barcelona,4.6,"Plaça del Rei, s/n"
El Laurel,4.4,"Carrer de Floridablanca, 140"
NBA Café Barcelona,3.0,"Les Rambles, 120"
Oaxaca Cuina Mexicana,4.2,"Pla de Palau, 19"
Crudo Bar,4.6,"Gran Vía de les Cortes Catalanes, 654"
Dos Palillos,3.6,"Carrer d'Elisabets, 9"
Teresa's,4.4,"Carrer de L'Argenteria, 31"
Taco Alto,4.4,"Carrer del Portal Nou, 62"
Tapeo,4.9,"Carrer dels Assaonadors, 25"
Mamacafé,4.4,"Carrer del Dr. Dou, 10"
Ca l' Andreu,4.4,"Carrer Bou de Sants Pere, 13"
Chivuo's,4.2,"Carrer del Pintor Fortuny, 15"
El Cafetó,3.8,"Carrer de Santa Anna, 10"
La Bona Sort,3.5,"Carrer dels Carders, 12"
Celta Pulperia,4.4,"Carrer de la Princesa, 50"
Amorino,4.4,"Carrer de la Portaferrissa, 7"
Senyor Parellada,3.9,"Carrer de l'Argenteria, 37"
Bacoa,4.0,"Carrer de Ferran, 10"
La Vinoteca Torres,4.8,"Passeig de Gràcia, 78"
Sports Bar Italian Food,4.4,"Carrer Ample, 51"
Txapela,3.4,"Passeig de Gràcia, 8-10"
El Peix d'Or,4.6,"Carrer de Ausias Marc, 73-75"
Collage,4.6,"Calle Consellers, 4"
Café Emma,4.2,"Carrer de Pau Claris, 142"
Attic Restaurant,3.2,"La Rambla, 120"
Safrà 18,4.5,"Carrer Ample, 18"
Pepito,4.1,"Passatge de Domingo, 3"
Perikete,4.3,"Carrer de Llauder, 6"
Machiroku,3.8,"Carrer de les Moles, 21"
Taller de Tapas,3.2,"Plaça de Sant Josep Oriol, 9"
La Fonda,3.3,"Carrer dels Escudellers, 10"
La Rioja Restaurante,4.5,Calle Duran I Bas 5
Negro Carbón,4.0,"Plá del Palau, 16"
Habana Vieja,4.5,"Carrer dels Banys Vells, 2"
Palau Güell,4.4,"Carrer Nou de la Rambla, 3-5"
Cafè d'estiu,4.7,"Plaça de Sant Iu, 5"
Red Ant,4.0,"Carrer dels Tiradors, 3-5"
Thai Barcelona | Royal Cuisine,3.8,"Carrer de la Diputació, 273"
El Salón,4.5,"Carrer de l'Hostal del Sol, 6"
Futami,4.5,"Carrer Enric Granados, 10"
Joanet,4.4,"Plaça de Sant Agustí Vell, 6"
Taller de Tapas,3.6,"Rambla Catalunya, 49-51"
Santa Tapa,4.2,"Carrer de la Freneria, 5"
Anduriña,4.3,"Carrer de Amargós, 30"
La Monroe,4.0,"Plaza Salvador Seguí, 1"
Sor Rita,4.6,"Carrer de La Mercé, 27"
Alkimia,4.1,"Ronda Sant Antoni, 41"
Kiosko Universal,4.2,"Les Rambles, 91"
El Foro,4.1,"Carrer de la Princesa, 53"
Avinyo 10,4.2,"Carrer d'Avinyó, 8"
Batuar,4.5,Cotton House
Tasca El Corral,4.3,"Carrer de la Mercè, 17"
Oviso,4.2,"Carrer d'Arai, 5"
Capet,4.6,"Carrer del Cometa , 5"
El Pintor,3.4,"Carrer de Sant Honorat, 7"
Fismuler,4.1,"Carrer del Rec Comtal, 17"
Born Voraz,4.3,"Carrer de la Princesa, 33"
La Taguara Areperia,4.3,"Carrer del Rec, 10"
Milano Cocktail Bar,4.2,"Ronda de la Universitat, 35"
Chaka Khan,4.1,"Carrer de l'Hospital, 104"
Las Ramblas,3.9,"Paseo la Rambla, 31"
Tablao Flamenco Cordobés,3.7,"Les Rambles, 35"
Wok to Walk,3.8,"Carrer de Jaume, I 7"
Benzina,4.5,"Passatge de Pere Calders, 6"
DelaCrem,4.6,"Carrer d'Enric Granados, 15"
El Portalón,4.0,"Carrer dels Banys Nous, 20"
Schilling,3.7,"Carrer de Ferran, 23"
Taller de Tapas,3.4,"Carrer de Argenteria, 51"
Oria,4.6,"Passeig de Gràcia, 75"
Maestró,4.1,"Rambla de Catalunya, 79"
El Jardí,4.8,"Carrer de la Portaferrissa, 17"
La Catalista,5.0,"Carrer dels Carders, 11"
Fratelli La Bufala,4.0,"Carrer de Pau Claris, 72"
Restaurante La Boqueria,3.4,"Carrer de la Boqueria, 17"
Mimo’s,4.8,"Carrer de l'Argenteria, 48"
Honest Greens,4.8,"Rambla de Catalunya, 3"
Pla de la Garsa,4.2,"Carrer dels Assaonadors, 13"
Rita Rouge,3.7,"Carrer del Carme, 33"
Farggi,4.6,"Carrer Veguer, 3"
Maoz Vegetarian,4.4,Rambla de Sant Josep 95
Scobies Irish Pub,4.4,"Ronda de la Universidad, 8"
Restaurant Spacca Napoli,4.6,"Carrer del Rec Comtal, 6"
Bubbolitas - Bubble Tea Bar,3.8,"Plaça del Bonsuccés, 7"
ATN,3.3,"Carrer de la Canuda, 6"
Bombay Spicy,4.1,"Carrer de Sant Pau, 16"
El Pachuco,4.6,"Carrer de Sant Pau, 110"
La Fianna,4.1,"Carrer de Manresa, 4"
Taller De Tapas,3.7,"La Rambla, 108"
Il Mercante di Venezia,4.6,"Carrer de Josep Anselm Clavé, 11"
Mimo's Born,4.6,"Plaça de Jacint Reventós, s/n"
Artisa,3.9,"Carrer de Colom, 2"
Xian,4.5,"Carrer de Ferran, 39"
Bodega Biarritz 1881,4.4,"Carrer del Vidre, 8"
Starbucks,3.7,"Rambla de Canaletes, 109"
Maccabi,4.1,"Carrer la Rambla, 75"
Le Pop Cocktail Bar,3.8,"Les Rambles, 111"
Exterior,5.0,Playa de Ocata ---
Celta,4.1,"Carrer de la Mercè, 9"
Casa Rafols,4.1,"Ronda de Sant Pere, 74"
Lizarran,4.0,"Carrer de Mallorca, 257"
Mucci's,3.7,"Carrer del Bonsuccés, 10"
Las Cuevas de Los Rajahs,4.5,"Carrer d'en Gignas, 2"
Mussol,3.5,"Carrer de Casp, 19"
Monvínic,4.1,"Carrer de la Diputació, 249"
Ca La Nuri,3.8,"Carrer de Consell de Cent, 377"
Ikibana Borne,3.9,"Passeig de Picasso, 32"
Tramoia,3.0,"Rambla de Catalunya, 15"
croasanteria i gelateria Llafranc,4.0,"Pza Promontori 11, Llafranc,"
La Cua Curta,4.7,"Carrer de Carassa, 3"
Doble Zeroo,4.2,"Carrer de Jaume Giralt, 53"
Celler de Tapas,3.8,"Plaça Universitat, 5"
Obama,3.5,"Gran Via de les Corts Catalanes, 603"
La Güerita,4.5,"Carrer de Manso, 53"
McDonald's,4.1,"Carrer de Ferran, 1"
Ten's,4.1,"Carrer Rec, 79"
El Reloj,3.3,"Via Laietana, 40"
Betawi,3.6,"Carrer de Montsió, 6"
Bo de B,4.3,"Carrer de la Fusteria, 14"
Txapela,3.5,"Plaça Catalunya, 8"
Bar Nolla,3.9,"Carrer del Consell de Cent, 339"
Fonda Espanya,4.5,"Carrer de Sant Pau, 9"
Bodega Granandos,3.9,"Carrer d'Enric Granados, 6"
Moments,4.1,"Passeig de Gràcia, 38"
Dunne's Irish Bar,3.4,"Via Laietana, 19-21"
Bun Bo,3.6,"Carrer dels Àngels, 6"
Nakashita,4.1,"Carrer del Rec Comtal, 15"
La Plaça Gastro Mercat,4.5,"Plaça de Catalunya, 14"
Story,4.8,"Carrer del Pou de la Cadena, 8"
Mirador de l'Arrabassada,5.0,"Carretera de l'Arrabassada, km 6,5"
Mucci's,3.9,"Carrer dels Tallers, 75"
Carballeira,3.8,"Carrer de la Reina Cristina, 3"
Kak Koy,3.8,"Carrer de Ripoll, 16"
Café de L'Academia,4.3,"Carrer dels Lledó, 1"
The Box,4.7,"Carrer d'En Gignàs, 30"
Buddha Bar,4.0,Parc de Olymb
365,4.2,"Via Laietana, 46"
Pizzeria Da Nanni,4.7,"Carrer de la Llibreteria, 10"
Arabia,3.8,"Carrer de Sant Pere Més Alt, 18"
La Taverneta,4.8,"Carrer de Francesc Pujols, 6"
Castells,4.1,"Plaça del Bonsuccés, 1"
Les Gens Que J'aime,4.5,"Carrer de València, 286"
Matsuri,3.9,"Plaza del Regomir , 1"
Forns del Pí,3.7,"Carrer de Ferran, 12"
La Cassola,4.7,"Carrer Sant Sever, 3"
Restaurante 4 Capellans,4.0,Capellans 4
The Ranch Smokehouse,4.1,"Ronda de la Universitat, 20"
Bon Bar,3.8,"Carrer de Fontanella, 16"
Casa Delfín,3.6,"Passeig del Born, 36"
Gringa,5.0,"Carrer de la Lleialtat, 16"
Kynoto,4.7,"Carrer del Correu Vell, 8"
Los Toreros,4.0,"Carrer d'en Xuclà, 3"
Café Kafka,4.6,"Carrer de la Fusina, 7"
L'Olivé,3.8,"Carrer de Balmes, 47"
Temple d'August,4.5,"Carrer del Paradís, 10"
Pez Gordo,4.9,"Portico De Sant Josep, 6"
Chongqing Liuyishou Hotpot,4.8,"Carrer del Consell de Cent, 303"
Ultramarinos,3.7,"Rambla dels Caputxins, 31"
Terrace la Isabela,4.7,"Les Rambles, 109"
Pitarra,4.2,"Carrer d'Avinyó, 56"
Alaire,4.4,"Passeig de Gràcia, 73"
El Pinar,4.6,"Carrer del Duc, 7"
Starbucks,3.3,"Carrer de Comtal, 26"
H1898 Rooftopbar,4.1,"Les Rambles, 109"
Bacaro,4.4,"Carrer de Jerusalem, 6"
Zeeshan Kebabish,4.2,"Carrer del Marques de Barbera, 26"
L'Antiquari,4.4,"Carrer del Veguer, 13"
El Chigre 1769,4.6,"Carrer dels Sombrerers, 7"
Loft del Born,3.8,"Plaça Comercial, 2"
Castillo aleman,5.0,
Club de l'empanada,4.1,"Carrer Dagueria, 7"
El Bosc de les Fades,3.9,"Passatge de la Banca, 5"
Loto,5.0,"Carrer del Call, 17"
Temaki-Ya,4.2,"Carrer d'en Gignàs, 28"
Nou Celler,4.1,"Carrer de Princesa, 16"
Bar Rubí,4.6,"Carrer Banys Vells, 6"
Parc de la Trinitat,5.0,
La Rita,3.9,"Carrer d'Aragó, 279"
Pim Pam Plats,3.9,"Carrer del Rec, 18"
Emilia,4.3,"La Rambla, 85"
Cremat 11,4.9,"Carrer Cremat Gran, 11"
Ramen Shop,4.0,"Carrer d'en Gignas, 3"
Lonja de Tapas,3.9,"Placeta Montcada, 5"
Cheese's Art,4.0,"Carrer d'Enric Granados, 13"
Takumi Sapporo Ramen Kitchen,4.5,"Via Laietana, 32"
Sagàs Pagesos i Cuiners,4.0,"Pla de Palau, 13"
Rita Blue,3.7,"Plaça de Sant Agustí, 3"
La Pizza del Tast,2.5,
Maccaroni,4.6,"Carrer Carders, 6"
Govinda,3.2,"Plaça de la Vila de Madrid, 4"
Bodega Sepúlveda,4.5,"Carrer de Sepúlveda, 173"
Ferran 59,3.6,"Carrer de Ferran, 59"
Moniberic,4.7,"Via Laietana, 46"
Bistrot el Regulador,4.7,"La Rambla, 105"
Rocambolesc,4.2,"La Rambla, 51-59"
Bar Centro,4.0,"Carrer de Casp, 55"
Little Italy,3.8,"Carrer del Rec, 30"
Bar Veraz,3.7,"Avinguda de Francesc Cambó, 14"
Espit Chupitos,4.4,"Paseo de Colón, 8"
Barcelona-Reykjavik,4.4,"Carrer del Doctor Dou, 12"
Clemen's,4.5,"La Rambla, 91"
Citrus,3.4,"Passeig de Gràcia, 44"
La Cerería,4.5,"Baixada de Sant Miquel, 3"
Nostrum,4.3,"Via Laietana, 33"
El Boliche del Gordo Cabrera,3.9,"Carrer del Consell de Cent, 338"
Papitu,3.5,"Passatge de la Virreina, 1"
Maur,4.1,"Calle Comte D'Urgell, 9"
Belmonte,4.8,"Carre de la Mercè, 29"
Cosmo,4.2,"Carrer d'Enric Granados, 3"
Golfo de Bizkaia Born,4.2,"Carrer de la Vidrieria, 12"
La Cuina d' en Garriga,3.9,"Carrer de Consell de Cent, 308"
Azul Frida,4.8,"Carrer del Pintor Fortuny, 24"
Polaroid,4.1,"Carrer dels Còdols, 29"
La Gambeta,4.2,"Carrer de la Fusina, 3"
Sauvage,4.8,"Passeig del Born, 13"
Pirineus,3.9,"Carrer Duran i Bas, 3"
Chen Ji,4.0,"Carrer d'Ali Bei, 65"
MariscCo,3.2,"Plaça Reial, 8"
Bar Con Gracia,4.0,
Pasta Market,4.3,"La Rambla, 77"
Zim,4.7,"Carrer de la Dagueria, 20"
Agut,4.1,"Carrer d'en Gignàs, 16"
Orvay,4.3,"Passeig del Born, 4"
Dr. Stravinsky,4.3,"Carrer dels Mirallers, 5"
Louro,4.8,"Rambla dels Caputxins, 37"
Plaça Catalunya,3.9,"Plaça de Catalunya, s/n"
Machete,4.6,"Carrer Ample, 20"
Café Silenus,4.2,"Carrer dels Àngels, 8"
L'Hortet,4.0,"Carrer de Pintor Fortuny, 32"
Tapa Tapa,2.9,"Passeig de Gràcia, 44"
Flax & Kale,5.0,"Carrer de Sant Pere Més Alt, 31-33"
Aromas de Istanbul,3.1,"Les Rambles, 129"
Holly's Ice Cream,4.3,"Carrer de la Canuda, 13"
Museu Frederic Marès,3.7,"Plaça de Sant Iu, 5"
Jazz Sí Club,4.5,"Carrer de Requesens, 2"
The George Payne,3.3,"Plaça d'Urquinaona, 5"
La Whiskeria,4.7,"Carrer de les Sitges, 3"
Can Pescallunes,4.8,"Carrer de les Magdalenes, 23"
Llop,3.8,"Carrer del Carme, 42"
33/45,4.0,"Carrer de Joaquín Costa, 4"
Creps Barcelona,4.4,"Rambla de Catalunya, 40"
Buon Appetito,4.3,"Avinguda Marquès de l'Argentera, 19"
Punch Room Barcelona,5.0,"Avinguda De Francesc Cambó, 14"
Sésamo,4.6,"Carrer de Sant Antoni Abat, 52"
Swiit Ice Cream,5.0,"Baixada de Viladecols, 2"
Blau Cucina e Caffé,4.1,"Carrer de Freixures, 5"
La Llavor dels Orígens,3.9,"Carrer de la Vidrieria, 6-8"
Irish Pub Temple Bar,3.9,"Carrer de Ferran, 6"
Cinco Jotas,4.2,"Rambla de  Catalunya, 91"
Disset 17 Graus,4.9,"Carrer Antic de Sant Joan, 3"
Vinitus Germà Petit,4.8,"Carrer d'Aragó, 282"
McCarthy's,4.7,"Via Laietana, 44"
Takumi Ramen,4.5,"Carrer de Balmes, 59"
L'Oliva,4.1,"Carrer de Jovellanos, 2"
Bar Sant Pere,4.7,"Carrer de Sant Pere Més Alt, 28"
Museu de L'Erotica,3.3,"Carrer de La Rambla, 96"
Amigó Cascarilles,3.8,"Carrer de Tamarit, 181"
Pans & Company,2.9,"Avinguda del Portal de l'Àngel, 2"
El Rabipelao,4.1,"Carrer de la Riera Alta, 50"
Fernando,3.5,"Carrer Ferran, 31"
Fil Manila,3.8,Carrer de les Ramelleres 3
Caribbean Club,4.8,"Carrer de les Sitges, 5"
La Colosal,4.3,"Rambla de Catalunya, 23"
Murivecchi,4.0,"Carrer de la Princesa, 59"
Las Sorrentinas,4.5,"Plaça de Sant Pere, 5"
Ale&Hop,4.3,"Carrer de les Basses de Sant Pere, 10"
Giorgio,4.3,"Carrer Ausias Marc, 3"
Imperfecto36,5.0,"Carrer de la Mercè, 36"
Brunells,4.2,"Carrer de la Princesa, 22"
Iposa,4.2,"Carrer de les Floristes de la Rambla, 14"
Sweet Gaufre,4.0,"La Rambla, 83"
Rincón de Aragón,4.4,Carrer del  Carme 28
Margarita Blue,3.8,"Carrer Josep Anselm Clavé, 6"
Opera Samfaina,3.9,"La Rambla, 51-59"
Numeronueve,4.8,"Carrer  Vidreria, 9"
Starbucks,3.7,"Carrer de Pelai, 13-39 (Triangle Shopping Center)"
Grill Room Bar Thonet,4.2,"Carrer dels Escudellers, 8"
Oassis Natural Cooking,4.0,"Passeig de Gràcia, 24"
Mimi Tapas Restaurant,4.3,"Carrer del Cardenal Casañas, 6"
Buenas Migas,4.3,"Carrer Mallorca, 246"
9 Granados,4.2,"Carrer d'Enric Granados, 9"
Mistral Forn,4.3,"Ronda de Sant Antoni, 96"
Taperia Princesa,4.0,"Carrer de la Princesa, 20"
Ramen House,4.3,"Gran Via De Les Corts Catalanes, 682"
Pizza Pazza,4.1,"Carrer Ample, 44"
Pizzería Focacceria Toscana,4.3,"Carrer de Ferran, 41"
PaTapas,2.9,"Plaça de Sant Josep Oriol, 2"
Zelig,4.3,"Carrer del Carme, 116"
La Taverna de L'Eixample,4.0,"Gran Via de les Corts Catalanes, 688"
L'Antic Forn,3.9,"Carrer del Pintor Fortuny, 28"
Colom,3.5,"Carrer dels Escudellers, 33"
Telefèric El Born,4.2,"Plaça de Jacint Reventós, s/n"
365,3.7,"Avenida Francesc Cambo,15"
Valentín,4.5,"Carrer de la Diputació, 301"
El Born,3.9,"Passeig del Born, 26"
Beirut,4.6,"Carrer Josep Anselm Clavé, 9"
Sirvent,4.3,"Carrer del Parlament, 56"
MACBA - Museu d'Art Contemporani de Barcelona,3.6,"Plaça dels Àngels, 1"
Bar Celta,4.4,"Carrer de Simó Oller, 3"
Mahatma Gandhi Restaurante,3.8,"Carrer de Balmes, 21"
Forn Boix,4.4,"Carrer de l'Hospital, 20"
Pura Brasa,3.5,"Rambla Catalunya, 13"
The Bollocks,4.2,"Carrer Ample, 46"
Lateral,3.9,"Carrer del Consell de Cent, 329"
Compostela,3.9,"Carrer de Ferran, 30"
Croissanterie del Pi,4.4,"Carrer del Pi, 14"
La Hacienda,4.5,"Carrer de la Princesa, 23"
Museo Marittimo,3.0,
Tast-Ller [15 Loft],5.0,"Carrer d'Obradors, 15"
Bilbao Berria,4.0,"Carrer Argenteria, 6"
Telekommunikationsturm,1.0,
Mendizábal,4.3,"Carrer de la Junta de Comerç, 2"
Arcangelo Burger Restaurant,3.4,Carrer Doctor Joaquim Pou 1
Les Dues Sicilies,4.9,"Carrer dels Carders, 20"
Terra Blava,3.3,"Via Laietana, 55"
Gocce Di Latte,4.7,"Plà del Palau, 4"
Buenaventura,4.6,"Carrer de Trafalgar, 50"
Mag by El Magnifico,4.9,"Carrer de Grunyí, 10"
Casa Gispert,4.5,"Carrer dels Sombrerers, 23"
Mastica,5.0,"Carrer del Carme, 40"
Distrito V,4.9,"Rambla del Raval, 15"
Mercè Vins,4.7,"Carrer d'Amargós, 1"
100 Montaditos,3.8,"Rambla de Catalunya, 17-27"
Tonkotsu,4.0,Carrer de València 290
Santa Clara,4.5,"Carrer de la Llibreteria, 21"
Rokelin,4.4,"Carrer Compte d'Urgell, 7"
Cassette Bar,4.6,"Carrer de l'Est, 11"
Vegan Bowls,4.8,"Carrer del Enric Granados, 145"
Belushi's,3.4,"Carrer de Bergara, 3"
Feng Wei,5.0,"Carrer del Carme, 9"
ORIO BCN Born,2.9,"Av. de Francesc Cambó, 23"
La Virreina,4.0,"La Rambla, 99"
McDonald's,3.5,"Ronda de Sant Pere, 3"
Patxoca,4.0,"Carrer dels Mercaders, 28"
Hawker 45,4.6,"Carrer de Casp, 45"
Mirilla,4.6,"Carrer del Regomir, 16"
Satan's Coffee Corner,3.9,"Gran Via de Les Corts Catalanes, 700"
Tapa Fina,2.0,"Plaza del Ángel, 5"
Babula,4.9,"Carrer de Pau Claris, 139"
La Granja 1872,3.6,"Carrer dels Banys Nous, 4"
Caramba,4.1,"Carrer de la Cera, 57"
Le Bouchon,4.3,Hotel Mercer
Que Pasta!,3.4,"Carrer de Canuda, 25"
Casa Pascual,4.1,"Pas de Sota Muralla, 7"
Arc de Triomf,4.1,"Passeig de Sant Joan, s/n"
My Bar,4.4,"Carrer de Ferran, 8"
Aguelo013,3.7,"Carrer de Avinyó, 37"
Artesans,4.1,"Carrer de I'Esparteria, 10"
Gaudí Exhibition Center,4.3,"Pla de la Seu, 7"
Direkte Boqueria,4.3,"Carrer de les Cabres, 13"
La Pomarada,4.0,"Passeig de Gràcia, 78"
La Concha Barcelona,4.6,"Carrer de Guàrdia, 14"
Wild Beef,3.9,"Carrer de la Diputació, 214"
Dunkin Coffee,3.1,"Rambla Sant Josep, 89"
Pax 49,4.8,"Carrer del Rec, 49"
Tostaderos Bon Mercat,4.5,"Baixada de la Llibreteria, 1-3"
Miu,3.5,"Carrer de València, 249"
Buenas Migas,3.9,"Plaça Universitat, 1"
Gelarto Rosa,5.0,"Carrer de la Tapineria, 6"
Via Sepulcral Romana,4.5,"Plaza de la Vila de Madrid, s/n"
100 Montaditos,3.6,"Plaça Urquinaona, 1"
Eat Caribbean,4.7,"Calle Montserrat, 4"
Gallo Nero,4.6,"Carrer de Jaume I, 3"
El Camino,4.4,"Carrer de Roger de Llúria, 24"
El Glop Braseria,4.0,"Carrer de Casp, 21"
Pizza Concept,4.5,"Carrer del Fonollar, 2"
Mediamanga,4.8,"Carrer d'Aribau, 13"
Guzzo,3.9,"Plaza Comercial, 10"
Pans & Company,4.3,"Plaça Urquinaona, 12-13"
Casa Vives,4.7,"Rambla de Catalunya, 58"
Bankers Bar,4.8,"Passeig de Gràcia, 38"
La Gavina,2.9,"Plaça Pau Vila, 1"
Pans & Company,3.7,"Plaça de Sant Jaume, 6"
Laie CCCB,4.3,"Carrer de Montalegre, 5"
El Paraigua,3.6,"Carrer del Pas de l'Ensenyança, 2"
Cal Robert,5.0,"Carrer de Requesens, 7"
La Torna,4.1,Mercat de Santa Caterina
Veggie Garden,4.2,"Gran Via de les Corts Catalans, 602"
La Foga,3.4,"Passeig de Sant Joan, 32"
Palosanto Bar,4.3,"Rambla del Raval, 26"
La Llibertária,3.9,"Carrer dels Tallers, 48"
Ginger,3.9,"Carrer de la Palma de Sant Just, 1"
Coffee Casa,4.8,"Carrer Carders, 25"
El Club de la Hamburguesa,3.6,"Carrer de Valldonzella, 3"
Nevermind,4.4,"Carrer d'Escudellers Blancs, 3"
Downtown,4.0,"Carrer de n'Amargós, 13"
Cullera de Boix,3.3,"Ronda Sant Pere, 24"
Moaz Vegetarian,4.8,"Carrer De Ferran, 11"
La Campana,4.3,"Carrer de la Princesa, 36"
Els Sortidors del Parlament,4.3,"Carrer del Parlament, 53"
Koma,4.4,"Ronda de Sant Pere, 7"
Cantinho Brasileiro,4.8,"Carrer Ample, 43"
MásQMenos,3.7,"Rambla de Catalunya, 46"
Señor Piña,5.0,"Carrer de la Boquería, 21"
El Magnífico,4.5,"Carrer de l'Argenteria, 64"
Kino,4.0,"Carrer Ferlandina, 23"
El Drapaire de la Cervesa Artesana,3.8,"Carrer de Sitges, 11"
Plaza de Sant Felip Neri,5.0,"Plaça de Sant Felip Neri, 1"
Planelles Donat,4.0,"Carrer de Cucurulla, 9"
Marula Café,3.9,"Carrer dels Escudellers, 49"
Casa Almirall,4.1,"Carrer de Joaquín Costa, 33"
Bliss,4.2,"Plaça de Sant Just, 4"
Green Spot,4.1,"Carrer de la Reina Cristina, 12"
Funky Bakers,4.6,"Passeig del Born, 10"
La Taverna de Barcelona,3.8,"Ronda de la Universitat, 37"
Tarannà,3.7,"Carrer Viladomat, 23"
Set de Born,4.1,"Carrer de l'Esparteria, 7"
Ascent,5.0,"Carrer dels Arcs, 10"
Breik,4.7,"Carrer dels Tallers, 72"
Museu de la Xocolata,3.7,"Carrer del Comerç, 36"
Cactus Bar,4.2,"Passeig del Born, 30"
Nova Montserratina,5.0,"Carrer de la Portaferrissa, 13"
Al Passatore,3.7,"Pla de Palau, 11"
Bouzu,4.4,"Ronda de Sant Antoni, 26"
Divinus,2.7,"Passeig de Gracia, 28"
La Gardunya,3.5,"Carrer de Jerusalem, 18"
La Vinya del Senyor,4.2,"Plaça de Santa Maria, 5"
Penny Banger,4.4,"Carre Ample, 35"
Paelleria,2.9,"Plaça d'Urquinaona, 14"
La Concha,3.8,"Carrer dels Escudellers, 40"
Chalito,4.1,"Rambla de Catalunya, 12"
Koki Cream,5.0,"Carrer d'En Bot, 4"
Mesón del Café,3.9,"Carrer de la Llibreteria, 16"
Glaciar,3.9,"Plaça Reial, 3"
Diván,3.8,"Carrer del Bonsuccés, 4"
Matis Bar,3.0,"Plaça Nova, 5"
Laie,4.0,"Carrer de Pau Claris, 85"
Salsalada,1.7,"La Rambla, 87"
Bodega Biarritz,4.3,"Carrer Nou De Sant Francesc, 7"
Il Caffe di Francesco,3.8,"Carrer Consell de Cent, 347"
Wok to Walk,4.0,"Carrer de Sant Pau, 27"
La Perla Nera,3.6,"Via Laietana, 32-43"
Sirvent Barcelona,4.4,"Ronda Sant Pau, 67"
Cafetería del Palau de la Música,4.0,"Carrer de Sant Pere Més Alt, 1"
Running Tours Barcelona,5.0,"Gran Via de les Cortes Catalanes, 592"
Cent Focs,3.5,"Carrer de Balmes, 16"
La Ventana,4.0,"Carrer del Doctor Joaquim Pou, 2"
Tapa de China,4.1,"Passatge de Sant Benet, 9"
Antiga Sinagoga Major de Barcelona,4.8,"Carrer de Marlet, 5"
Hugo Restaurante,4.6,"Carrer de Rec Comtal, 6"
Lulu,4.4,"Avenida Marques de la  l'Argentera, 7"
Terrazza Ravello,4.7,"Plaza Pau Vila, 1"
La Tinaja,4.3,"Carrer de l'Esparteria, 9"
Bruc33,3.6,"Carrer del Bruc, 33"
La Clandestina,3.8,"Baixada de Viladecols, 2"
Sunrise Doner,4.6,"Plaça de la Llana, 13"
Clóset,4.8,"Carrer de l'hospital, 157"
Pura Tapa,2.8,"La Rambla, 103"
Trobador,3.0,"Rambla de Catalunya, 2"
Cervantes,4.6,"Carrer de Cervantes, 7"
Quixote,5.0,"Carrer del Consell de Cent, 314"
Santoni,4.5,"Ronda de Sant Antoni, 63"
Dino's Gelato Italiano,3.9,"Calle de Ferran, 27"
Restaurante Catedral,3.3,Hotel Colón
Tea Shop,4.3,"Plaça de Catalunya, 1"
Bar L'Univers,4.0,"Avinguda Francesc Cambó,16"
Sushiya 2,3.7,"Carrer del Cometa, 3"
Bonavida,4.2,"Carrer de Casp, 22"
Espai Mallorca,5.0,"Plaça Vicenç Martorell, 1-2"
Mamy Ildy,3.6,"Carrer de Floridablanca, 148"
Metropolitan Cafe,5.0,"Carrer dels Tallers, 14"
Casa Agustí,4.1,"Carrer de Bergara, 5"
Buenas Migas,4.3,"Plaça Catalunya, 1-4"
Rodrigo,4.1,"Carrer de l'Argenteria, 67"
La Candela,3.9,"Plaça de Sant Pere, 12"
Parroquia Santa Ana,5.0,"C Rivadeneyra, 3"
Spritz,4.2,"Carrer de la Tapineria, 4"
Pummarola,4.8,"Ronda de Sant Pau, 59"
El Barón,5.0,"Carrer Correu Vell, 10"
Barcelona Beer Company,3.9,"Carrer de Muntaner, 7"
L'Aquàrium Barcelona,3.3,"Moll d'Espanya, s/n"
Los Hermanos,4.5,"Carrer de Villarroel, 26"
Cacao Sampaka,4.0,"Carrer del Consell de Cent, 292"
Costa Pacífico,4.3,"Plaça de Sant Agustí Vell, 13"
Giovanni,3.9,"Carrer de l'Argenteria, 55"
Mirinda,3.6,"Carrer d'en Xuclà, 7"
Norte,4.2,"Carrer de la Diputació, 321"
Buoni e Cattivi,3.5,"Carrer Amargós, 13"
Can Vilaró,4.3,"Carrer Compte Borrell, 61"
Dans le Noir?,3.9,"Passeig de Picasso, 10"
Doña Rosa,4.6,"Carrer de Ferlandina, 27"
La Dentellière,4.3,"Carrer Ample, 26"
Somnia,5.0,"Calle Montserrat, 13"
Opium,2.9,"Carrer del Duc, 8"
Café del Hotel Suizo,3.8,"Plaça de l'Àngel, 12"
El Mos,3.5,"Carrer de Santa Anna, 19"
La Pachuca,4.8,"Carrer d'en Carabassa, 19"
Kasparo,3.3,"Plaça de Vicenç Martorell, 4"
Buenas Migas,4.5,"Ronda de Sant Pere, 27"
Pizza Circus,4.4,"Carrer Nou de la Rambla, 40"
Angel,4.8,"Carrer Ocata, 2"
Restaurante del Hotel La Ciudadela,4.3,"Passeig de Lluís Companys, 2"
La Tagliatella,3.9,"Carrer d'Ausiàs Marc, 7"
Madame Jasmine,4.7,"Rambla del Raval, 22"
Sub Rosa,4.4,"Carrer d'en Rauric, 23"
Sifó,3.9,"Carrer d'Espalter, 4"
Magatzem Escolà,4.9,"Carrer Comercial, 13"
La Burness,4.9,"Carrer d'Avinyó, 40"
Bar Joan,4.5,"Carrer d'en Giralt el Pellisser, 2"
Al Punt,3.8,"Carrer de Girona, 51"
Bar Fidel,4.5,"Carrer de Ferlandina, 24"
La Porta Ferrissa,4.0,"Carrer de la Portaferrissa, 5"
Aromas de Istanbul,2.7,"Les Rambles, 67"
El Callejon,4.0,"Carrer Ample, 33"
Avenida Palace,3.5,"Calle Gran Via de Les Corts Catalanes, 605"
Gelateria Palau,4.5,"Carrer de Sant Pere Més Alt, 14"
Shaq Shuq,4.1,"Carrer de Ferran, 15"
El Glop,3.4,"Rambla de Catalunya, 65"
Ginette,5.0,"Carrer del Rec Comtal, 12"
Mazah,3.9,"Gran Via de les Corts Catalanes, 618"
Vitae,4.0,"Carrer Baixada de Sant Miguel, 6"
Udon,3.0,"Carrer dels Tallers, 69"
Bo de Gracia,4.0,"Carrer de la Diputació, 269"
Café Sabor,4.5,"Carrer de la Barra de Ferro, 7"
Can Lluis,4.1,"Carrer De La Cera, 49"
Buenas Migas,3.6,"Baixada de Santa Clara, 2"
Made in Sicily,4.3,"Carrer dels Escudellers, 35"
El Fornet,3.9,"Carrer d'Aragó, 284"
Ferran,2.9,"Carrer de Ferran, 24-26"
Navarra,2.8,"Passeig de Gràcia, 4"
En Aparté,3.7,"Carrer de Lluís el Piadós, 2"
Mi Burrito y Yo,2.9,"Carrer del Pas de l'Ensenyança, 2"
Quillo,4.1,Carrer de Sant Pere Més Baix 77
Crustó,4.2,"Carrer de València, 246"
La Masia,4.2,"Carrer d'Elisabets, 16"
Forneria Tiana,4.7,"Carrer Ample, 15"
Super Naan,4.5,"Carrer de Ferran, 21"
La Valenciana,3.8,"Carrer d'Aribau, 16"
Cafeteria Mistral,4.2,"Carrer de Torres i Amat, 7"
La Gloria,2.0,"Vía Laietana, 29"
Bismillah Raval Kebabish,4.2,"Carrer de Joaquín Costa, 22"
Bell Amic,4.6,Gignas 25
Buen Bocado,4.4,"Carrer dels Escudellers, 31-58"
Starbucks,4.7,"La Rambla, 89"
Flax & Kale,4.2,"Passeig de Gràcia, 11"
Big Bang Bar,4.2,"Carrer Botella, 7"
Nevermind,4.5,"Carrer dels Tallers, 68"
Puglia in Tavola,4.3,"Carrer dels Escudellers, 41"
Cappukccino,2.2,"Via Laietana, 23"
Lupara,4.7,"Plaça de Santa Caterina, 2"
O'Barquiño,4.9,"Carrer de Príncep de Viana, 1"
Casa Colomina,4.0,"Carrer de Cucurulla, 2"
Ra,3.9,"Carrer del Carme, 31"
El Terrat del Do,4.0,"Plaza Reial, 1"
Sukaldari,2.3,"Ramblas, 87"
Udon,2.5,"Carrer de la Princesa, 23"
El Cocinero de Damasco,4.7,"Carrer dels Templers, 2"
Cátedra,3.7,"Via Laietana, 5"
Vegesana,4.4,"Carrer d'Aribau, 14"
Sushiya,3.9,"Carrer d'en Quintana, 4"
Mamainé,4.3,"Carrer del Rec, 59"
Gabriel,2.8,"Placeta del Pi, 5"
Macchina,4.3,"Carrer dels Escudellers, 47"
Plaça Vila de Madrid,5.0,"Plaça Vila de Madrid, s/n"
Piscolabis,3.4,"Rambla de Catalunya, 27"
Lal Qila,4.8,"Carrer de Roger de Llúria, 49"
La Terrassa Del D.O.,3.5,"Plaça Reial, 1"
El Tropezón,4.0,"Carrer del Regomir, 26"
Las Fritas,4.3,"Carrer de l'Argenteria, 70"
Clubhaus,5.0,"Avenida del Marquès de l'Argentera, 13"
Bodega Vasconia,4.0,"Carrer d'En Gignàs, 13"
365 Café,4.0,"Carrer dels Tallers, 71"
Romesco,3.9,"Carrer de Sant Pau, 28"
Txapela,2.7,"Passeig de Gràcia, 58"
Basílica de los Santos Mártires Justo y Pastor,4.8,"Carrer de Rere Sant Just, s/n"
L'ascensor,4.3,"Carrer de Bellafila, 3"
Bar del Convent,4.1,"Carrer del Comerç, 36"
La Viena Blanca,3.4,"Carrer del Pintor Fortuny, 10"
El Gran Cafè,3.3,"Carrer d'Avinyó, 9"
La Taberna de la Ronda,4.2,"Ronda de San Pere, 12"
Balmes 12,3.9,"Carrer de Balmes, 12"
La Italiana Rivali,4.0,"Carrer de Bonsuccés, 12"
Gipsy Lou,4.4,"Carrer de Ferlandina, 55"
La República,4.0,"Carrer de la Mercè, 13"
London Bar,4.3,"Carrer Nou de la Ramba, 34"
Bidasoa,4.7,"Carrer d'en Serra, 21"
Arcangelo,4.0,"Carrer Doctor Joaquim Pou, 2"
Betty Ford's,4.1,"Carrer de Joaquín Costa, 56"
National Burger,3.8,"Carrer Nou de la Rambla, 22"
Foxy Bar,3.9,"Carrer de la Riera Alta, 59"
Talisman,5.0,"Carrer de Trafalgar, 23"
Pita Inn,4.0,"Les Rambles, 121"
Ristaurante Italiano Pizzeria - La Perla Nera,3.8,"Vía Laietana, 32-34"
Casa Amatller,4.1,Passeig de Gràcia 41
Mesón Cinco Jotas,3.0,"Carrer Comtal, 3"
Chelo,4.1,"Plaça de Vicenç Martorell, 4"
Sabores De Portugal,4.8,"Carrer del Carme, 95"
Cafetería de El Corte Inglés,5.0,"Plaça de Catalunya, 14"
Restaurante Gloria,2.9,"Via Laietana, 29"
Funky Bakers,4.5,"Calle Vidrieria, 1"
Elephant,4.0,"Carrer de Pau Claris, 92"
Òsties Pedrín,3.2,"Carrer de Jerusalem, 30"
El Mos,3.7,"Carrer Comtal, 12"
Bar del Centro Gallego de Barcelona,5.0,"Rambla Caputxins, 35-37"
Refresca Tea,4.7,"Carrer dels Carders, 25"
Cachaca,4.2,"Carrer d'Ataülf, 5"
Joëls Oyster Bar,4.2,"Plaza Sant Josep Oriol, 13"
El Cafè de la Casa de les Lletres,4.2,"Plaça d'Antonio López, 6"
Indian Restaurant Chilli,3.4,"Carrer de Pau Claris, 77"
Carabela,4.0,"Pas de Sota Muralla, 3"
LaVietnamita,3.1,"Carrer del Comerç, 17"
La Cure Gourmande,3.6,"Carrer Ferrán, 14"
OIZY,4.4,"Carrer dels Escudellers, 30"
Las Cuatro Encinas,4.2,"Calle Casp, 28"
Natur Ice,4.8,"Carrer de Llibreteria, 14"
Nervión,2.9,"Carrer de la Princesa, 2"
Paspartú,4.8,"Carrer de les Basses de Sant Pere, 12-14"
Plaça del Rei,4.0,Plaça del Rei
Marsella,4.1,"Carrer de Sant Pau, 65"
El Born Centre Cultural,4.0,"Plaça Comercial, 12"
COAC Restaurant,3.5,"Plaça Nova, 5"
La Hacienda,3.2,"Carrer Rec, 69"
Falafel Vegano,4.0,"Plaça de Sant Galdric, 96"
Wok Dao,3.6,"Carrer de Villarroel, 1"
Puglia Mia,5.0,"Carrer de Sant Pere Més Baix, 51"
Taco Alto,4.6,"Ronda de la Universitat, 12"
Nappuccino,4.7,"Carrer de Muntaner, 22"
La Informal,4.2,"Rambla del Raval, 32"
FrescCo,4.0,"Carrer de Casp,  30"
Pesca Salada,4.7,"Carrer de la Cera, 32"
Bocatta,3.5,"Carrer Boters, 6"
Tapes,5.0,"Carrer Ample, 46"
Sweetaly,5.0,"Ronda de Sant Pau, 39"
First Bar,4.4,"Carrer d'en Rauric, 9"
Eslice Pizza,3.8,"La Rambla, 91"
Negroni,4.1,"Carrer de Joaquín Costa, 46"
Plaça Sant Jaume,4.3,"Place de Sant Jaume, s/n"
Rajah,3.9,"Carrer Nou de la Rambla, 3"
365 Cafe,4.8,"Carrer Nou de la Rambla, 46"
Epicerie,4.5,"Carrer Pau Claris, 145"
El Magraner Boig,4.2,"Carrer d'En Robador, 22"
Five Guys,4.2,"Plaça de Catalunya, 1-4"
Pita Inn,4.3,"Rambla de Sant Josep, 85"
Burger King,3.5,"Rambla de Catalunya, 5"
Mussol,3.3,"Carrer d'Aragó, 261"
Ocaña Apotheke,4.3,"Plaça Reial, 13"
Starbucks,3.1,"Rambla de Catalunya, 10"
Nubar,4.5,"Passeig de Gràcia, 53"
Brasserie Flo,2.9,"Carrer Jonqueres, 10"
Carabassa,4.7,"Carrer d'en Carabassa, 19"
Cerveceria Baviera,2.0,"La Rambla, 127"
Kapadokya,4.1,"Carrer de la Fusteria, 6-8"
Brusi,4.0,"Carrer de la Llibreteria, 23"
Barrachina,4.8,"Carrer Jerusalem, 30"
Bocatta,2.5,Calle Condal 32
Calders,3.9,"Carrer del Parlament, 25"
El Bombón,4.3,"Carrer de La Mercè, 13"
Aguita,5.0,"Carrer de la Volta d'en Colomines, 2"
Comerç 24,4.1,"Carrer del Comerç, 24"
Bendito Pecado,4.7,"Carrer del Comerç, 8"
McDonalds,2.3,"Carrer Pelai, 62"
Zurich,2.9,"Plaça de Catalunya, 1"
McDonald's,3.5,"Passeig de Gràcia, 48"
Centre Excursionista de Catalunya,4.3,"Carrer del Paradís, 10"
The Market Spot,5.0,"La Rambla, 98"
Koku Kitchen Buns,3.5,"Carrer del Comerç, 29"
Hush Hush,4.5,"Carrer de Fonollar, 4"
Shalimar,4.2,"Carrer del Carme, 71"
Maharajá,3.6,"Rambla del Raval, 14"
Rodilla,3.0,"Via Laietana, 54"
Milans Cocktail Bar,5.0,"Carrer Milans, 7"
Contempo,4.2,Plaça de CataluÑa
LomoAlto&LomoBajo,3.4,"Carrer de Aragó, 285"
Pasta Fiore,4.0,"Rambla de Canaletes, 125"
365 Café,4.4,"Carrer del Carme, 38"
Bracafé,3.7,"Ronda de la Universitat, 35"
Ruma's,5.0,"Ronda de la Universitat, 10"
Museu Moto,3.5,"Carrer de la Palla, 10"
We Bistrot,4.0,"Ronda de Sant Pere, 70"
Xampú Xampany,4.1,"Gran Vía de Les Corts Catalanes, 702"
Mundial,3.7,"Plaça de Sant Agusti Vell, 1"
Divinus,3.8,"Ronda de la Universitat, 33"
Porteno Bar,4.7,"Carrer dels Carders, 32"
SandwiChez,4.2,"Ronda Sant Antoni, 35"
Un Gelato Per Te,5.0,"Plaça de Sant Felip Neri, 1"
Subway,2.0,"La Rambla, 130"
Guixot,3.9,"Carrer de la Riereta, 8"
Wer-Haus,4.7,"Carrer d'Aragò, 287"
Ginos,2.7,"Via Laietana, 71"
Forn Boix,4.3,"Carrer de  Xuclà, 23"
Erotic Museum 69,4.4,"La Rambla, 69"
Tobogan,2.3,"Plaça Reial, 10"
Trobador,2.7,"Carrer de Ferran, 46"
Cafe Costodoro,5.0,
Txakolin,4.0,"Av. del Marques de l'Argentera, 19"
The Good Burger,3.4,"Ronda de la Universitat, 13"
Bodega Vidrios y Cristales,4.4,"Passeig d'Isabel II, 6"
Maximum,3.6,"La Rambla, 78"
Lukumas,5.0,"Carrer de Valldonzella, 36"
Acoma,3.5,"Carrer de la Boqueria, 21"
Blitz,4.0,"Plaza Urquinaona, 8"
Shenanigans,4.8,"Carrer del Marquès de Barberà, 11"
Oishii Ramen Street,3.3,"Ronda de Sant Pere, 26"
Eroica Caffè,5.0,"Carrer del Consell de Cent, 350"
König Barcelona Born,2.8,"Carrer de la Fusina, 3"
Habibi,3.2,Ramblas 75
Mesón Jesús,3.5,"Carrer dels Cecs de la Boqueria, 4"
Frankie Gallo Cha Cha,4.3,"Carrer del Marquès de Barberà, 15"
Absenta 1893,4.3,"Carrer de I'Hospital, 75"
Canta y No Llores,4.6,"Carrer de la Princesa, 53"
Restaurante Charrito,3.9,"Carrer de la Diputació, 233"
Peggy Sue's,3.3,"Carrer de Balmes, 24"
